[
  {
    "itag": 18,
    "mimeType": "video/mp4; codecs=\"avc1.42001E, mp4a.40.2\"",
    "width": 640,
    "height": 360,
    "contentLength": "37566943",
    "quality": "medium",
    "qualityLabel": "360p",
    "audioQuality": "AUDIO_QUALITY_LOW",
    "audioSampleRate": "44100",
    "url": "https://r3---sn-vgqs7ney.googlevideo.com/videoplayback?expire=1613083175&ei=xl0lYLTsOYuRigTniKewBw&ip=73.44.159.175&id=o-AK5U3YRNvHl6y8UNYeHOuSju2dUkkBqiWNNn4EnczOE3&itag=18&source=youtube&requiressl=yes&mh=ta&mm=31%2C29&mn=sn-vgqs7ney%2Csn-vgqskns7&ms=au%2Crdu&mv=m&mvi=3&pl=15&initcwndbps=1785000&vprv=1&mime=video%2Fmp4&ns=ClVsKdYkdsXEH-wN5BA-tTkF&gir=yes&clen=37566943&ratebypass=yes&dur=667.016&lmt=1612997479356301&mt=1613060937&fvip=3&beids=9466586&c=WEB&txp=5530434&n=B4Y7dhUpKo8z1j&sparams=expire%2Cei%2Cip%2Cid%2Citag%2Csource%2Crequiressl%2Cvprv%2Cmime%2Cns%2Cgir%2Cclen%2Cratebypass%2Cdur%2Clmt&sig=AOq0QJ8wRgIhAP3_51aqK3K3MONvgqDmcthpiM8oniucCXxMs01ebhq2AiEAmfHQaKsiu96gyf9TD7x_EPt3dLFqyWNWBr7ksFP7y40%3D&lsparams=mh%2Cmm%2Cmn%2Cms%2Cmv%2Cmvi%2Cpl%2Cinitcwndbps&lsig=AG3C_xAwRgIhAN1GHEBLYLpgmMpZsCIpt6f4U7zBPSPkLsP5ouc2oMVWAiEA1Ff2HrdIVYUqV3Vlq_uncsUEebAKU4RjUMziTUjItwU%3D",
    "signatureCipher": null
  },
  {
    "itag": 22,
    "mimeType": "video/mp4; codecs=\"avc1.64001F, mp4a.40.2\"",
    "width": 1280,
    "height": 720,
    "contentLength": null,
    "quality": "hd720",
    "qualityLabel": "720p",
    "audioQuality": "AUDIO_QUALITY_MEDIUM",
    "audioSampleRate": "44100",
    "url": "https://r3---sn-vgqs7ney.googlevideo.com/videoplayback?expire=1613083175&ei=xl0lYLTsOYuRigTniKewBw&ip=73.44.159.175&id=o-AK5U3YRNvHl6y8UNYeHOuSju2dUkkBqiWNNn4EnczOE3&itag=22&source=youtube&requiressl=yes&mh=ta&mm=31%2C29&mn=sn-vgqs7ney%2Csn-vgqskns7&ms=au%2Crdu&mv=m&mvi=3&pl=15&initcwndbps=1785000&vprv=1&mime=video%2Fmp4&ns=ClVsKdYkdsXEH-wN5BA-tTkF&cnr=14&ratebypass=yes&dur=667.016&lmt=1613000535641001&mt=1613060937&fvip=3&beids=9466586&c=WEB&txp=5532434&n=B4Y7dhUpKo8z1j&sparams=expire%2Cei%2Cip%2Cid%2Citag%2Csource%2Crequiressl%2Cvprv%2Cmime%2Cns%2Ccnr%2Cratebypass%2Cdur%2Clmt&sig=AOq0QJ8wRQIhAKTqGSfCcG2SnSHE-f0ZprCv_BNAdWfdr3wK-ILgux3lAiA6hidm7mqjMR4rYdMTjk7a3A9SLA1PbmAlyEPn_8cD9Q%3D%3D&lsparams=mh%2Cmm%2Cmn%2Cms%2Cmv%2Cmvi%2Cpl%2Cinitcwndbps&lsig=AG3C_xAwRgIhAN1GHEBLYLpgmMpZsCIpt6f4U7zBPSPkLsP5ouc2oMVWAiEA1Ff2HrdIVYUqV3Vlq_uncsUEebAKU4RjUMziTUjItwU%3D",
    "signatureCipher": null
  },
  {
    "itag": 137,
    "mimeType": "video/mp4; codecs=\"avc1.640028\"",
    "width": 1920,
    "height": 1080,
    "contentLength": "107754305",
    "quality": "hd1080",
    "qualityLabel": "1080p",
    "audioQuality": null,
    "audioSampleRate": null,
    "url": "https://r3---sn-vgqs7ney.googlevideo.com/videoplayback?expire=1613083175&ei=xl0lYLTsOYuRigTniKewBw&ip=73.44.159.175&id=o-AK5U3YRNvHl6y8UNYeHOuSju2dUkkBqiWNNn4EnczOE3&itag=137&aitags=133%2C134%2C135%2C136%2C137%2C160%2C242%2C243%2C244%2C247%2C248%2C278&source=youtube&requiressl=yes&mh=ta&mm=31%2C29&mn=sn-vgqs7ney%2Csn-vgqskns7&ms=au%2Crdu&mv=m&mvi=3&pl=15&initcwndbps=1785000&vprv=1&mime=video%2Fmp4&ns=K_JP2OGgfaFu6evpcZw7POgF&gir=yes&clen=107754305&dur=666.960&lmt=1613001396223569&mt=1613060937&fvip=3&keepalive=yes&beids=9466586&c=WEB&txp=5535434&n=KfWqVJy7kNiAOe&sparams=expire%2Cei%2Cip%2Cid%2Caitags%2Csource%2Crequiressl%2Cvprv%2Cmime%2Cns%2Cgir%2Cclen%2Cdur%2Clmt&sig=AOq0QJ8wRgIhAKtEZ6ecG56Eaye7oTYOPZoAlXO2lps9I0KQKpz6UNC9AiEA4qIQEFugWm-DIcjnpwMiX2qS0SMvn08db26wUg2WZ0M%3D&lsparams=mh%2Cmm%2Cmn%2Cms%2Cmv%2Cmvi%2Cpl%2Cinitcwndbps&lsig=AG3C_xAwRgIhAN1GHEBLYLpgmMpZsCIpt6f4U7zBPSPkLsP5ouc2oMVWAiEA1Ff2HrdIVYUqV3Vlq_uncsUEebAKU4RjUMziTUjItwU%3D",
    "signatureCipher": null
  },
  {
    "itag": 248,
    "mimeType": "video/webm; codecs=\"vp9\"",
    "width": 1920,
    "height": 1080,
    "contentLength": "90902983",
    "quality": "hd1080",
    "qualityLabel": "1080p",
    "audioQuality": null,
    "audioSampleRate": null,
    "url": "https://r3---sn-vgqs7ney.googlevideo.com/videoplayback?expire=1613083175&ei=xl0lYLTsOYuRigTniKewBw&ip=73.44.159.175&id=o-AK5U3YRNvHl6y8UNYeHOuSju2dUkkBqiWNNn4EnczOE3&itag=248&aitags=133%2C134%2C135%2C136%2C137%2C160%2C242%2C243%2C244%2C247%2C248%2C278&source=youtube&requiressl=yes&mh=ta&mm=31%2C29&mn=sn-vgqs7ney%2Csn-vgqskns7&ms=au%2Crdu&mv=m&mvi=3&pl=15&initcwndbps=1785000&vprv=1&mime=video%2Fwebm&ns=K_JP2OGgfaFu6evpcZw7POgF&gir=yes&clen=90902983&dur=666.960&lmt=1613004063059938&mt=1613060937&fvip=3&keepalive=yes&beids=9466586&c=WEB&txp=5535434&n=KfWqVJy7kNiAOe&sparams=expire%2Cei%2Cip%2Cid%2Caitags%2Csource%2Crequiressl%2Cvprv%2Cmime%2Cns%2Cgir%2Cclen%2Cdur%2Clmt&sig=AOq0QJ8wRQIhAIoWCawOnzuDhqu4o_y_sVceQZ3ouftr90y8Dzb27Ju4AiBp736HAiWsPgd87Q8yvfHz2pDrtYZ8d3lubJJvjcgRyA%3D%3D&lsparams=mh%2Cmm%2Cmn%2Cms%2Cmv%2Cmvi%2Cpl%2Cinitcwndbps&lsig=AG3C_xAwRgIhAN1GHEBLYLpgmMpZsCIpt6f4U7zBPSPkLsP5ouc2oMVWAiEA1Ff2HrdIVYUqV3Vlq_uncsUEebAKU4RjUMziTUjItwU%3D",
    "signatureCipher": null
  },
  {
    "itag": 136,
    "mimeType": "video/mp4; codecs=\"avc1.4d401f\"",
    "width": 1280,
    "height": 720,
    "contentLength": "31161584",
    "quality": "hd720",
    "qualityLabel": "720p",
    "audioQuality": null,
    "audioSampleRate": null,
    "url": "https://r3---sn-vgqs7ney.googlevideo.com/videoplayback?expire=1613083175&ei=xl0lYLTsOYuRigTniKewBw&ip=73.44.159.175&id=o-AK5U3YRNvHl6y8UNYeHOuSju2dUkkBqiWNNn4EnczOE3&itag=136&aitags=133%2C134%2C135%2C136%2C137%2C160%2C242%2C243%2C244%2C247%2C248%2C278&source=youtube&requiressl=yes&mh=ta&mm=31%2C29&mn=sn-vgqs7ney%2Csn-vgqskns7&ms=au%2Crdu&mv=m&mvi=3&pl=15&initcwndbps=1785000&vprv=1&mime=video%2Fmp4&ns=K_JP2OGgfaFu6evpcZw7POgF&gir=yes&clen=31161584&dur=666.960&lmt=1613000523151160&mt=1613060937&fvip=3&keepalive=yes&beids=9466586&c=WEB&txp=5535434&n=KfWqVJy7kNiAOe&sparams=expire%2Cei%2Cip%2Cid%2Caitags%2Csource%2Crequiressl%2Cvprv%2Cmime%2Cns%2Cgir%2Cclen%2Cdur%2Clmt&sig=AOq0QJ8wRgIhANlyzM2wvDVDNGcVRJBLwZC_XMcIaPpLMojkQWCjQawhAiEA-X2MnprsYj5-98wf-L0CRIDALsXIb4aPNHxL5YSfYMo%3D&lsparams=mh%2Cmm%2Cmn%2Cms%2Cmv%2Cmvi%2Cpl%2Cinitcwndbps&lsig=AG3C_xAwRgIhAN1GHEBLYLpgmMpZsCIpt6f4U7zBPSPkLsP5ouc2oMVWAiEA1Ff2HrdIVYUqV3Vlq_uncsUEebAKU4RjUMziTUjItwU%3D",
    "signatureCipher": null
  },
  {
    "itag": 247,
    "mimeType": "video/webm; codecs=\"vp9\"",
    "width": 1280,
    "height": 720,
    "contentLength": "33655281",
    "quality": "hd720",
    "qualityLabel": "720p",
    "audioQuality": null,
    "audioSampleRate": null,
    "url": "https://r3---sn-vgqs7ney.googlevideo.com/videoplayback?expire=1613083175&ei=xl0lYLTsOYuRigTniKewBw&ip=73.44.159.175&id=o-AK5U3YRNvHl6y8UNYeHOuSju2dUkkBqiWNNn4EnczOE3&itag=247&aitags=133%2C134%2C135%2C136%2C137%2C160%2C242%2C243%2C244%2C247%2C248%2C278&source=youtube&requiressl=yes&mh=ta&mm=31%2C29&mn=sn-vgqs7ney%2Csn-vgqskns7&ms=au%2Crdu&mv=m&mvi=3&pl=15&initcwndbps=1785000&vprv=1&mime=video%2Fwebm&ns=K_JP2OGgfaFu6evpcZw7POgF&gir=yes&clen=33655281&dur=666.960&lmt=1613004691754283&mt=1613060937&fvip=3&keepalive=yes&beids=9466586&c=WEB&txp=5535434&n=KfWqVJy7kNiAOe&sparams=expire%2Cei%2Cip%2Cid%2Caitags%2Csource%2Crequiressl%2Cvprv%2Cmime%2Cns%2Cgir%2Cclen%2Cdur%2Clmt&sig=AOq0QJ8wRgIhAJOCki1v84LbBnTsbpIVf4vgwe1J3E8hWmSCa6431iZMAiEAxXIX7yYAFGLO_oAmbdpNdfgJhHUlf68pXXd8xVlmtM8%3D&lsparams=mh%2Cmm%2Cmn%2Cms%2Cmv%2Cmvi%2Cpl%2Cinitcwndbps&lsig=AG3C_xAwRgIhAN1GHEBLYLpgmMpZsCIpt6f4U7zBPSPkLsP5ouc2oMVWAiEA1Ff2HrdIVYUqV3Vlq_uncsUEebAKU4RjUMziTUjItwU%3D",
    "signatureCipher": null
  },
  {
    "itag": 135,
    "mimeType": "video/mp4; codecs=\"avc1.4d401e\"",
    "width": 854,
    "height": 480,
    "contentLength": "18188922",
    "quality": "large",
    "qualityLabel": "480p",
    "audioQuality": null,
    "audioSampleRate": null,
    "url": "https://r3---sn-vgqs7ney.googlevideo.com/videoplayback?expire=1613083175&ei=xl0lYLTsOYuRigTniKewBw&ip=73.44.159.175&id=o-AK5U3YRNvHl6y8UNYeHOuSju2dUkkBqiWNNn4EnczOE3&itag=135&aitags=133%2C134%2C135%2C136%2C137%2C160%2C242%2C243%2C244%2C247%2C248%2C278&source=youtube&requiressl=yes&mh=ta&mm=31%2C29&mn=sn-vgqs7ney%2Csn-vgqskns7&ms=au%2Crdu&mv=m&mvi=3&pl=15&initcwndbps=1785000&vprv=1&mime=video%2Fmp4&ns=K_JP2OGgfaFu6evpcZw7POgF&gir=yes&clen=18188922&dur=666.960&lmt=1613000426776116&mt=1613060937&fvip=3&keepalive=yes&beids=9466586&c=WEB&txp=5535434&n=KfWqVJy7kNiAOe&sparams=expire%2Cei%2Cip%2Cid%2Caitags%2Csource%2Crequiressl%2Cvprv%2Cmime%2Cns%2Cgir%2Cclen%2Cdur%2Clmt&sig=AOq0QJ8wRgIhAIw_BkZkleH7S-1g5s5e509hRwHnvBuhILxcmZ8R13OoAiEAo8ZVa9hb6CozwI3iaWeC1UenDYqJ2-9Q7mOyxEQsQsU%3D&lsparams=mh%2Cmm%2Cmn%2Cms%2Cmv%2Cmvi%2Cpl%2Cinitcwndbps&lsig=AG3C_xAwRgIhAN1GHEBLYLpgmMpZsCIpt6f4U7zBPSPkLsP5ouc2oMVWAiEA1Ff2HrdIVYUqV3Vlq_uncsUEebAKU4RjUMziTUjItwU%3D",
    "signatureCipher": null
  },
  {
    "itag": 244,
    "mimeType": "video/webm; codecs=\"vp9\"",
    "width": 854,
    "height": 480,
    "contentLength": "21008955",
    "quality": "large",
    "qualityLabel": "480p",
    "audioQuality": null,
    "audioSampleRate": null,
    "url": "https://r3---sn-vgqs7ney.googlevideo.com/videoplayback?expire=1613083175&ei=xl0lYLTsOYuRigTniKewBw&ip=73.44.159.175&id=o-AK5U3YRNvHl6y8UNYeHOuSju2dUkkBqiWNNn4EnczOE3&itag=244&aitags=133%2C134%2C135%2C136%2C137%2C160%2C242%2C243%2C244%2C247%2C248%2C278&source=youtube&requiressl=yes&mh=ta&mm=31%2C29&mn=sn-vgqs7ney%2Csn-vgqskns7&ms=au%2Crdu&mv=m&mvi=3&pl=15&initcwndbps=1785000&vprv=1&mime=video%2Fwebm&ns=K_JP2OGgfaFu6evpcZw7POgF&gir=yes&clen=21008955&dur=666.960&lmt=1613004690905920&mt=1613060937&fvip=3&keepalive=yes&beids=9466586&c=WEB&txp=5535434&n=KfWqVJy7kNiAOe&sparams=expire%2Cei%2Cip%2Cid%2Caitags%2Csource%2Crequiressl%2Cvprv%2Cmime%2Cns%2Cgir%2Cclen%2Cdur%2Clmt&sig=AOq0QJ8wRAIgcc2k0ZzE2DcyN4Y-QmgdFxafB5xs6_RegV6OLb1l0RMCIGxrorv3cHVXdUa9TWXN3orCJK6djUPgcOdNuJ9Mp8gl&lsparams=mh%2Cmm%2Cmn%2Cms%2Cmv%2Cmvi%2Cpl%2Cinitcwndbps&lsig=AG3C_xAwRgIhAN1GHEBLYLpgmMpZsCIpt6f4U7zBPSPkLsP5ouc2oMVWAiEA1Ff2HrdIVYUqV3Vlq_uncsUEebAKU4RjUMziTUjItwU%3D",
    "signatureCipher": null
  },
  {
    "itag": 134,
    "mimeType": "video/mp4; codecs=\"avc1.4d401e\"",
    "width": 640,
    "height": 360,
    "contentLength": "12491149",
    "quality": "medium",
    "qualityLabel": "360p",
    "audioQuality": null,
    "audioSampleRate": null,
    "url": "https://r3---sn-vgqs7ney.googlevideo.com/videoplayback?expire=1613083175&ei=xl0lYLTsOYuRigTniKewBw&ip=73.44.159.175&id=o-AK5U3YRNvHl6y8UNYeHOuSju2dUkkBqiWNNn4EnczOE3&itag=134&aitags=133%2C134%2C135%2C136%2C137%2C160%2C242%2C243%2C244%2C247%2C248%2C278&source=youtube&requiressl=yes&mh=ta&mm=31%2C29&mn=sn-vgqs7ney%2Csn-vgqskns7&ms=au%2Crdu&mv=m&mvi=3&pl=15&initcwndbps=1785000&vprv=1&mime=video%2Fmp4&ns=K_JP2OGgfaFu6evpcZw7POgF&gir=yes&clen=12491149&dur=666.960&lmt=1613000413521531&mt=1613060937&fvip=3&keepalive=yes&beids=9466586&c=WEB&txp=5535434&n=KfWqVJy7kNiAOe&sparams=expire%2Cei%2Cip%2Cid%2Caitags%2Csource%2Crequiressl%2Cvprv%2Cmime%2Cns%2Cgir%2Cclen%2Cdur%2Clmt&sig=AOq0QJ8wRgIhAICCGzhYkEAj2BcLscT8DLNhby4DVpmNqWVBvoSGCLFaAiEAj01K0Sq8Iq-UM7ne0tCDclF2hJCv-nrByxrGrR08P_g%3D&lsparams=mh%2Cmm%2Cmn%2Cms%2Cmv%2Cmvi%2Cpl%2Cinitcwndbps&lsig=AG3C_xAwRgIhAN1GHEBLYLpgmMpZsCIpt6f4U7zBPSPkLsP5ouc2oMVWAiEA1Ff2HrdIVYUqV3Vlq_uncsUEebAKU4RjUMziTUjItwU%3D",
    "signatureCipher": null
  },
  {
    "itag": 243,
    "mimeType": "video/webm; codecs=\"vp9\"",
    "width": 640,
    "height": 360,
    "contentLength": "14961041",
    "quality": "medium",
    "qualityLabel": "360p",
    "audioQuality": null,
    "audioSampleRate": null,
    "url": "https://r3---sn-vgqs7ney.googlevideo.com/videoplayback?expire=1613083175&ei=xl0lYLTsOYuRigTniKewBw&ip=73.44.159.175&id=o-AK5U3YRNvHl6y8UNYeHOuSju2dUkkBqiWNNn4EnczOE3&itag=243&aitags=133%2C134%2C135%2C136%2C137%2C160%2C242%2C243%2C244%2C247%2C248%2C278&source=youtube&requiressl=yes&mh=ta&mm=31%2C29&mn=sn-vgqs7ney%2Csn-vgqskns7&ms=au%2Crdu&mv=m&mvi=3&pl=15&initcwndbps=1785000&vprv=1&mime=video%2Fwebm&ns=K_JP2OGgfaFu6evpcZw7POgF&gir=yes&clen=14961041&dur=666.960&lmt=1613004699985244&mt=1613060937&fvip=3&keepalive=yes&beids=9466586&c=WEB&txp=5535434&n=KfWqVJy7kNiAOe&sparams=expire%2Cei%2Cip%2Cid%2Caitags%2Csource%2Crequiressl%2Cvprv%2Cmime%2Cns%2Cgir%2Cclen%2Cdur%2Clmt&sig=AOq0QJ8wRAIgBmSbWsRc6Q4ZJurlr63ap-C7IFTshKjKoFs3rquDnbgCIC4nxbVs8q_Ud4r6ReNI4uL4tuGVblSudqLuXQ_ZHusY&lsparams=mh%2Cmm%2Cmn%2Cms%2Cmv%2Cmvi%2Cpl%2Cinitcwndbps&lsig=AG3C_xAwRgIhAN1GHEBLYLpgmMpZsCIpt6f4U7zBPSPkLsP5ouc2oMVWAiEA1Ff2HrdIVYUqV3Vlq_uncsUEebAKU4RjUMziTUjItwU%3D",
    "signatureCipher": null
  },
  {
    "itag": 133,
    "mimeType": "video/mp4; codecs=\"avc1.4d4015\"",
    "width": 426,
    "height": 240,
    "contentLength": "7255081",
    "quality": "small",
    "qualityLabel": "240p",
    "audioQuality": null,
    "audioSampleRate": null,
    "url": "https://r3---sn-vgqs7ney.googlevideo.com/videoplayback?expire=1613083175&ei=xl0lYLTsOYuRigTniKewBw&ip=73.44.159.175&id=o-AK5U3YRNvHl6y8UNYeHOuSju2dUkkBqiWNNn4EnczOE3&itag=133&aitags=133%2C134%2C135%2C136%2C137%2C160%2C242%2C243%2C244%2C247%2C248%2C278&source=youtube&requiressl=yes&mh=ta&mm=31%2C29&mn=sn-vgqs7ney%2Csn-vgqskns7&ms=au%2Crdu&mv=m&mvi=3&pl=15&initcwndbps=1785000&vprv=1&mime=video%2Fmp4&ns=K_JP2OGgfaFu6evpcZw7POgF&gir=yes&clen=7255081&dur=666.960&lmt=1613000469082024&mt=1613060937&fvip=3&keepalive=yes&beids=9466586&c=WEB&txp=5535434&n=KfWqVJy7kNiAOe&sparams=expire%2Cei%2Cip%2Cid%2Caitags%2Csource%2Crequiressl%2Cvprv%2Cmime%2Cns%2Cgir%2Cclen%2Cdur%2Clmt&sig=AOq0QJ8wRQIgRdHAU9QdSOfmTQcaSH9EY3kPHcpDmR-l7lFGj-FigSUCIQCeUo5Pzt9tjcyHqW6oySazkS73Jjn4RtZuwA7OKrz5UQ%3D%3D&lsparams=mh%2Cmm%2Cmn%2Cms%2Cmv%2Cmvi%2Cpl%2Cinitcwndbps&lsig=AG3C_xAwRgIhAN1GHEBLYLpgmMpZsCIpt6f4U7zBPSPkLsP5ouc2oMVWAiEA1Ff2HrdIVYUqV3Vlq_uncsUEebAKU4RjUMziTUjItwU%3D",
    "signatureCipher": null
  },
  {
    "itag": 242,
    "mimeType": "video/webm; codecs=\"vp9\"",
    "width": 426,
    "height": 240,
    "contentLength": "9197885",
    "quality": "small",
    "qualityLabel": "240p",
    "audioQuality": null,
    "audioSampleRate": null,
    "url": "https://r3---sn-vgqs7ney.googlevideo.com/videoplayback?expire=1613083175&ei=xl0lYLTsOYuRigTniKewBw&ip=73.44.159.175&id=o-AK5U3YRNvHl6y8UNYeHOuSju2dUkkBqiWNNn4EnczOE3&itag=242&aitags=133%2C134%2C135%2C136%2C137%2C160%2C242%2C243%2C244%2C247%2C248%2C278&source=youtube&requiressl=yes&mh=ta&mm=31%2C29&mn=sn-vgqs7ney%2Csn-vgqskns7&ms=au%2Crdu&mv=m&mvi=3&pl=15&initcwndbps=1785000&vprv=1&mime=video%2Fwebm&ns=K_JP2OGgfaFu6evpcZw7POgF&gir=yes&clen=9197885&dur=666.960&lmt=1613004705046561&mt=1613060937&fvip=3&keepalive=yes&beids=9466586&c=WEB&txp=5535434&n=KfWqVJy7kNiAOe&sparams=expire%2Cei%2Cip%2Cid%2Caitags%2Csource%2Crequiressl%2Cvprv%2Cmime%2Cns%2Cgir%2Cclen%2Cdur%2Clmt&sig=AOq0QJ8wRgIhAIKKZ7uwcEaP8vxJLvaPVOjB4SmHpZCc5-sekNHE2yPxAiEAqz4a28sKoau88MYOlC8sy3JjfTqSVjrSWVE0-_N9c20%3D&lsparams=mh%2Cmm%2Cmn%2Cms%2Cmv%2Cmvi%2Cpl%2Cinitcwndbps&lsig=AG3C_xAwRgIhAN1GHEBLYLpgmMpZsCIpt6f4U7zBPSPkLsP5ouc2oMVWAiEA1Ff2HrdIVYUqV3Vlq_uncsUEebAKU4RjUMziTUjItwU%3D",
    "signatureCipher": null
  },
  {
    "itag": 160,
    "mimeType": "video/mp4; codecs=\"avc1.4d400c\"",
    "width": 256,
    "height": 144,
    "contentLength": "4647707",
    "quality": "tiny",
    "qualityLabel": "144p",
    "audioQuality": null,
    "audioSampleRate": null,
    "url": "https://r3---sn-vgqs7ney.googlevideo.com/videoplayback?expire=1613083175&ei=xl0lYLTsOYuRigTniKewBw&ip=73.44.159.175&id=o-AK5U3YRNvHl6y8UNYeHOuSju2dUkkBqiWNNn4EnczOE3&itag=160&aitags=133%2C134%2C135%2C136%2C137%2C160%2C242%2C243%2C244%2C247%2C248%2C278&source=youtube&requiressl=yes&mh=ta&mm=31%2C29&mn=sn-vgqs7ney%2Csn-vgqskns7&ms=au%2Crdu&mv=m&mvi=3&pl=15&initcwndbps=1785000&vprv=1&mime=video%2Fmp4&ns=K_JP2OGgfaFu6evpcZw7POgF&gir=yes&clen=4647707&dur=666.960&lmt=1613000438648456&mt=1613060937&fvip=3&keepalive=yes&beids=9466586&c=WEB&txp=5535434&n=KfWqVJy7kNiAOe&sparams=expire%2Cei%2Cip%2Cid%2Caitags%2Csource%2Crequiressl%2Cvprv%2Cmime%2Cns%2Cgir%2Cclen%2Cdur%2Clmt&sig=AOq0QJ8wRQIhAJKVjdrJivysIF9ps3tSIr1O36bg400lzlFIMbo2rN3uAiA5gvWC_GR8BF-1MumlnppAZNqNxdM2WNRfPjFuFMuu0w%3D%3D&lsparams=mh%2Cmm%2Cmn%2Cms%2Cmv%2Cmvi%2Cpl%2Cinitcwndbps&lsig=AG3C_xAwRgIhAN1GHEBLYLpgmMpZsCIpt6f4U7zBPSPkLsP5ouc2oMVWAiEA1Ff2HrdIVYUqV3Vlq_uncsUEebAKU4RjUMziTUjItwU%3D",
    "signatureCipher": null
  },
  {
    "itag": 278,
    "mimeType": "video/webm; codecs=\"vp9\"",
    "width": 256,
    "height": 144,
    "contentLength": "6913554",
    "quality": "tiny",
    "qualityLabel": "144p",
    "audioQuality": null,
    "audioSampleRate": null,
    "url": "https://r3---sn-vgqs7ney.googlevideo.com/videoplayback?expire=1613083175&ei=xl0lYLTsOYuRigTniKewBw&ip=73.44.159.175&id=o-AK5U3YRNvHl6y8UNYeHOuSju2dUkkBqiWNNn4EnczOE3&itag=278&aitags=133%2C134%2C135%2C136%2C137%2C160%2C242%2C243%2C244%2C247%2C248%2C278&source=youtube&requiressl=yes&mh=ta&mm=31%2C29&mn=sn-vgqs7ney%2Csn-vgqskns7&ms=au%2Crdu&mv=m&mvi=3&pl=15&initcwndbps=1785000&vprv=1&mime=video%2Fwebm&ns=K_JP2OGgfaFu6evpcZw7POgF&gir=yes&clen=6913554&dur=666.960&lmt=1613004710486243&mt=1613060937&fvip=3&keepalive=yes&beids=9466586&c=WEB&txp=5535434&n=KfWqVJy7kNiAOe&sparams=expire%2Cei%2Cip%2Cid%2Caitags%2Csource%2Crequiressl%2Cvprv%2Cmime%2Cns%2Cgir%2Cclen%2Cdur%2Clmt&sig=AOq0QJ8wRAIgaWkZZW57RaxzjlA4Ylzr7XOoDtxVepaByNoPmq9DiicCICyqre6WNrk_045O8GzbOJZhTzga7Tlq5T_oZ3FmOBun&lsparams=mh%2Cmm%2Cmn%2Cms%2Cmv%2Cmvi%2Cpl%2Cinitcwndbps&lsig=AG3C_xAwRgIhAN1GHEBLYLpgmMpZsCIpt6f4U7zBPSPkLsP5ouc2oMVWAiEA1Ff2HrdIVYUqV3Vlq_uncsUEebAKU4RjUMziTUjItwU%3D",
    "signatureCipher": null
  },
  {
    "itag": 140,
    "mimeType": "audio/mp4; codecs=\"mp4a.40.2\"",
    "width": null,
    "height": null,
    "contentLength": "10795602",
    "quality": "tiny",
    "qualityLabel": null,
    "audioQuality": "AUDIO_QUALITY_MEDIUM",
    "audioSampleRate": "44100",
    "url": "https://r3---sn-vgqs7ney.googlevideo.com/videoplayback?expire=1613083175&ei=xl0lYLTsOYuRigTniKewBw&ip=73.44.159.175&id=o-AK5U3YRNvHl6y8UNYeHOuSju2dUkkBqiWNNn4EnczOE3&itag=140&source=youtube&requiressl=yes&mh=ta&mm=31%2C29&mn=sn-vgqs7ney%2Csn-vgqskns7&ms=au%2Crdu&mv=m&mvi=3&pl=15&initcwndbps=1785000&vprv=1&mime=audio%2Fmp4&ns=K_JP2OGgfaFu6evpcZw7POgF&gir=yes&clen=10795602&dur=667.016&lmt=1612996129703340&mt=1613060937&fvip=3&keepalive=yes&beids=9466586&c=WEB&txp=5532434&n=KfWqVJy7kNiAOe&sparams=expire%2Cei%2Cip%2Cid%2Citag%2Csource%2Crequiressl%2Cvprv%2Cmime%2Cns%2Cgir%2Cclen%2Cdur%2Clmt&sig=AOq0QJ8wRgIhAOZ_w4P2y6CCyGivKkIDihpdoF065NQ2xQqYj-McS0YyAiEAlqgbTLzYFCowKm64zQ4HqdaRrU1sBjcCk6BdL3pAWxE%3D&lsparams=mh%2Cmm%2Cmn%2Cms%2Cmv%2Cmvi%2Cpl%2Cinitcwndbps&lsig=AG3C_xAwRgIhAN1GHEBLYLpgmMpZsCIpt6f4U7zBPSPkLsP5ouc2oMVWAiEA1Ff2HrdIVYUqV3Vlq_uncsUEebAKU4RjUMziTUjItwU%3D",
    "signatureCipher": null
  },
  {
    "itag": 249,
    "mimeType": "audio/webm; codecs=\"opus\"",
    "width": null,
    "height": null,
    "contentLength": "4346683",
    "quality": "tiny",
    "qualityLabel": null,
    "audioQuality": "AUDIO_QUALITY_LOW",
    "audioSampleRate": "48000",
    "url": "https://r3---sn-vgqs7ney.googlevideo.com/videoplayback?expire=1613083175&ei=xl0lYLTsOYuRigTniKewBw&ip=73.44.159.175&id=o-AK5U3YRNvHl6y8UNYeHOuSju2dUkkBqiWNNn4EnczOE3&itag=249&source=youtube&requiressl=yes&mh=ta&mm=31%2C29&mn=sn-vgqs7ney%2Csn-vgqskns7&ms=au%2Crdu&mv=m&mvi=3&pl=15&initcwndbps=1785000&vprv=1&mime=audio%2Fwebm&ns=K_JP2OGgfaFu6evpcZw7POgF&gir=yes&clen=4346683&dur=666.981&lmt=1612996146279714&mt=1613060937&fvip=3&keepalive=yes&beids=9466586&c=WEB&txp=5532434&n=KfWqVJy7kNiAOe&sparams=expire%2Cei%2Cip%2Cid%2Citag%2Csource%2Crequiressl%2Cvprv%2Cmime%2Cns%2Cgir%2Cclen%2Cdur%2Clmt&sig=AOq0QJ8wRAIgD90YBq4kr2phCMTkVs-Fpaw8FyN8O5J2dS9ss3djKYYCIDCd2OSHvSzUatm-qvBqiJ_SQYqqyARvUDcphHmV0hPH&lsparams=mh%2Cmm%2Cmn%2Cms%2Cmv%2Cmvi%2Cpl%2Cinitcwndbps&lsig=AG3C_xAwRgIhAN1GHEBLYLpgmMpZsCIpt6f4U7zBPSPkLsP5ouc2oMVWAiEA1Ff2HrdIVYUqV3Vlq_uncsUEebAKU4RjUMziTUjItwU%3D",
    "signatureCipher": null
  },
  {
    "itag": 250,
    "mimeType": "audio/webm; codecs=\"opus\"",
    "width": null,
    "height": null,
    "contentLength": "6200435",
    "quality": "tiny",
    "qualityLabel": null,
    "audioQuality": "AUDIO_QUALITY_LOW",
    "audioSampleRate": "48000",
    "url": "https://r3---sn-vgqs7ney.googlevideo.com/videoplayback?expire=1613083175&ei=xl0lYLTsOYuRigTniKewBw&ip=73.44.159.175&id=o-AK5U3YRNvHl6y8UNYeHOuSju2dUkkBqiWNNn4EnczOE3&itag=250&source=youtube&requiressl=yes&mh=ta&mm=31%2C29&mn=sn-vgqs7ney%2Csn-vgqskns7&ms=au%2Crdu&mv=m&mvi=3&pl=15&initcwndbps=1785000&vprv=1&mime=audio%2Fwebm&ns=K_JP2OGgfaFu6evpcZw7POgF&gir=yes&clen=6200435&dur=666.981&lmt=1612996701287229&mt=1613060937&fvip=3&keepalive=yes&beids=9466586&c=WEB&txp=5532434&n=KfWqVJy7kNiAOe&sparams=expire%2Cei%2Cip%2Cid%2Citag%2Csource%2Crequiressl%2Cvprv%2Cmime%2Cns%2Cgir%2Cclen%2Cdur%2Clmt&sig=AOq0QJ8wRAIgQohaUl41PyWAW6gq3ME1G7nueAJ55OCQHoeTHOucf6kCIFK1SaIrJGb9UWqrR4F6PFO2XU80OdeY4A-MvrlvHdxH&lsparams=mh%2Cmm%2Cmn%2Cms%2Cmv%2Cmvi%2Cpl%2Cinitcwndbps&lsig=AG3C_xAwRgIhAN1GHEBLYLpgmMpZsCIpt6f4U7zBPSPkLsP5ouc2oMVWAiEA1Ff2HrdIVYUqV3Vlq_uncsUEebAKU4RjUMziTUjItwU%3D",
    "signatureCipher": null
  },
  {
    "itag": 251,
    "mimeType": "audio/webm; codecs=\"opus\"",
    "width": null,
    "height": null,
    "contentLength": "11603339",
    "quality": "tiny",
    "qualityLabel": null,
    "audioQuality": "AUDIO_QUALITY_MEDIUM",
    "audioSampleRate": "48000",
    "url": "https://r3---sn-vgqs7ney.googlevideo.com/videoplayback?expire=1613083175&ei=xl0lYLTsOYuRigTniKewBw&ip=73.44.159.175&id=o-AK5U3YRNvHl6y8UNYeHOuSju2dUkkBqiWNNn4EnczOE3&itag=251&source=youtube&requiressl=yes&mh=ta&mm=31%2C29&mn=sn-vgqs7ney%2Csn-vgqskns7&ms=au%2Crdu&mv=m&mvi=3&pl=15&initcwndbps=1785000&vprv=1&mime=audio%2Fwebm&ns=K_JP2OGgfaFu6evpcZw7POgF&gir=yes&clen=11603339&dur=666.981&lmt=1612996129075535&mt=1613060937&fvip=3&keepalive=yes&beids=9466586&c=WEB&txp=5532434&n=KfWqVJy7kNiAOe&sparams=expire%2Cei%2Cip%2Cid%2Citag%2Csource%2Crequiressl%2Cvprv%2Cmime%2Cns%2Cgir%2Cclen%2Cdur%2Clmt&sig=AOq0QJ8wRQIhAMTxBDoQdNOlxqm-JzAbL-bgQEY0_BpuybB5_Kh5yeEEAiBPh2Spw2a1x5OSez1VDB7QHngzJCg8exuWyfU0xm8Ckg%3D%3D&lsparams=mh%2Cmm%2Cmn%2Cms%2Cmv%2Cmvi%2Cpl%2Cinitcwndbps&lsig=AG3C_xAwRgIhAN1GHEBLYLpgmMpZsCIpt6f4U7zBPSPkLsP5ouc2oMVWAiEA1Ff2HrdIVYUqV3Vlq_uncsUEebAKU4RjUMziTUjItwU%3D",
    "signatureCipher": null
  }
]